{
  "entrypoints": {
    "app": {
      "css": [
        "/app.dea15b53.css",
        "/app.dea15b53.rtl.css"
      ],
      "js": [
        "/app.5a01f8c5.js"
      ]
    },
    "form": {
      "js": [
        "/form.6e84c31d.js"
      ]
    },
    "page-layout": {
      "js": [
        "/page-layout.3347892e.js"
      ]
    },
    "page-color-scheme": {
      "js": [
        "/page-color-scheme.4c28406c.js"
      ]
    },
    "field-boolean": {
      "js": [
        "/field-boolean.38cf4737.js"
      ]
    },
    "field-code-editor": {
      "css": [
        "/field-code-editor.78ccdb00.css",
        "/field-code-editor.78ccdb00.rtl.css"
      ],
      "js": [
        "/field-code-editor.5893dd28.js"
      ]
    },
    "field-collection": {
      "js": [
        "/field-collection.32367ca8.js"
      ]
    },
    "field-file-upload": {
      "js": [
        "/field-file-upload.a3a92842.js"
      ]
    },
    "field-image": {
      "js": [
        "/field-image.19d51d41.js"
      ]
    },
    "field-slug": {
      "js": [
        "/field-slug.0dd3942b.js"
      ]
    },
    "field-textarea": {
      "js": [
        "/field-textarea.268f9a4d.js"
      ]
    },
    "field-text-editor": {
      "css": [
        "/field-text-editor.7f2b8426.css",
        "/field-text-editor.7f2b8426.rtl.css"
      ],
      "js": [
        "/field-text-editor.833157ee.js"
      ]
    },
    "login": {
      "js": [
        "/login.7259f5de.js"
      ]
    }
  }
}